DateTime,Total,TotalCovid,TotalNonCovid,L3,L3Covid,L3NonCovid
2020-03-17T00:59:00Z,22,1,21,20,1,19
2020-03-17T01:59:00Z,22,1,21,20,1,19
2020-03-17T02:59:00Z,21,1,20,20,1,19
2020-03-17T03:59:00Z,22,1,21,21,1,20
2020-03-17T04:59:00Z,21,1,20,20,1,19
2020-03-17T05:59:00Z,22,1,21,21,1,20
2020-03-17T06:59:00Z,22,1,21,21,1,20
2020-03-17T07:59:00Z,22,1,21,21,1,20
2020-03-17T08:59:00Z,22,1,21,21,1,20
2020-03-17T09:59:00Z,22,1,21,21,1,20
2020-03-17T10:59:00Z,22,1,21,21,1,20
2020-03-17T11:59:00Z,22,1,21,21,1,20
2020-03-17T12:59:00Z,22,1,21,21,1,20
2020-03-17T13:59:00Z,21,1,20,20,1,19
2020-03-17T14:59:00Z,22,2,20,21,2,19
2020-03-17T15:59:00Z,21,2,19,21,2,19
2020-03-17T16:59:00Z,21,2,19,21,2,19
2020-03-17T17:59:00Z,22,2,20,22,2,20
2020-03-17T18:59:00Z,22,2,20,22,2,20
2020-03-17T19:59:00Z,22,2,20,22,2,20
2020-03-17T20:59:00Z,22,2,20,22,2,20
2020-03-17T21:59:00Z,22,2,20,22,2,20
2020-03-17T22:59:00Z,22,2,20,22,2,20
2020-03-17T23:59:00Z,22,2,20,22,2,20
2020-03-18T00:59:00Z,22,2,20,22,2,20
2020-03-18T01:59:00Z,23,3,20,23,3,20
2020-03-18T02:59:00Z,22,3,19,22,3,19
2020-03-18T03:59:00Z,22,3,19,22,3,19
2020-03-18T04:59:00Z,22,3,19,22,3,19
2020-03-18T05:59:00Z,22,3,19,22,3,19
2020-03-18T06:59:00Z,22,3,19,22,3,19
2020-03-18T07:59:00Z,22,3,19,22,3,19
2020-03-18T08:59:00Z,22,3,19,22,3,19
2020-03-18T09:59:00Z,22,3,19,22,3,19
2020-03-18T10:59:00Z,22,3,19,22,3,19
2020-03-18T11:59:00Z,22,3,19,22,3,19
2020-03-18T12:59:00Z,22,3,19,22,3,19
2020-03-18T13:59:00Z,22,3,19,22,3,19
2020-03-18T14:59:00Z,21,3,18,21,3,18
2020-03-18T15:59:00Z,21,3,18,21,3,18
2020-03-18T16:59:00Z,22,4,18,21,3,18
2020-03-18T17:59:00Z,22,4,18,21,3,18
2020-03-18T18:59:00Z,22,4,18,21,3,18
2020-03-18T19:59:00Z,22,4,18,21,3,18
2020-03-18T20:59:00Z,22,4,18,21,3,18
2020-03-18T21:59:00Z,22,4,18,21,3,18
2020-03-18T22:59:00Z,22,4,18,21,3,18
2020-03-18T23:59:00Z,22,4,18,21,3,18
2020-03-19T00:59:00Z,22,4,18,21,4,17
2020-03-19T01:59:00Z,22,4,18,21,4,17
2020-03-19T02:59:00Z,22,4,18,21,4,17
2020-03-19T03:59:00Z,22,4,18,21,4,17
2020-03-19T04:59:00Z,22,4,18,21,4,17
2020-03-19T05:59:00Z,22,4,18,21,4,17
2020-03-19T06:59:00Z,22,4,18,21,4,17
2020-03-19T07:59:00Z,22,4,18,21,4,17
2020-03-19T08:59:00Z,22,4,18,21,4,17
2020-03-19T09:59:00Z,22,4,18,21,4,17
2020-03-19T10:59:00Z,22,4,18,21,4,17
2020-03-19T11:59:00Z,22,4,18,21,4,17
2020-03-19T12:59:00Z,22,4,18,21,4,17
2020-03-19T13:59:00Z,22,4,18,21,4,17
2020-03-19T14:59:00Z,22,4,18,21,4,17
2020-03-19T15:59:00Z,22,4,18,21,4,17
2020-03-19T16:59:00Z,22,4,18,21,4,17
2020-03-19T17:59:00Z,21,4,17,20,4,16
2020-03-19T18:59:00Z,21,4,17,20,4,16
2020-03-19T19:59:00Z,22,4,18,21,4,17
2020-03-19T20:59:00Z,22,4,18,21,4,17
2020-03-19T21:59:00Z,23,4,19,22,4,18
2020-03-19T22:59:00Z,23,4,19,22,4,18
2020-03-19T23:59:00Z,24,4,20,23,4,19
2020-03-20T00:59:00Z,24,4,20,23,4,19
2020-03-20T01:59:00Z,24,4,20,23,4,19
2020-03-20T02:59:00Z,24,4,20,23,4,19
2020-03-20T03:59:00Z,25,4,21,24,4,20
2020-03-20T04:59:00Z,25,4,21,24,4,20
2020-03-20T05:59:00Z,25,4,21,24,4,20
2020-03-20T06:59:00Z,25,4,21,24,4,20
2020-03-20T07:59:00Z,25,4,21,24,4,20
2020-03-20T08:59:00Z,25,4,21,24,4,20
2020-03-20T09:59:00Z,25,4,21,24,4,20
2020-03-20T10:59:00Z,25,4,21,24,4,20
2020-03-20T11:59:00Z,25,4,21,24,4,20
2020-03-20T12:59:00Z,25,4,21,24,4,20
2020-03-20T13:59:00Z,24,4,20,23,4,19
2020-03-20T14:59:00Z,24,4,20,23,4,19
2020-03-20T15:59:00Z,25,4,21,23,4,19
2020-03-20T16:59:00Z,25,4,21,23,4,19
2020-03-20T17:59:00Z,25,4,21,23,4,19
2020-03-20T18:59:00Z,24,4,20,22,4,18
2020-03-20T19:59:00Z,24,4,20,22,4,18
2020-03-20T20:59:00Z,24,4,20,22,4,18
2020-03-20T21:59:00Z,25,4,21,23,4,19
2020-03-20T22:59:00Z,25,4,21,23,4,19
2020-03-20T23:59:00Z,25,4,21,23,4,19
2020-03-21T00:59:00Z,25,4,21,23,4,19
2020-03-21T01:59:00Z,24,4,20,23,4,19
2020-03-21T02:59:00Z,25,4,21,24,4,20
2020-03-21T03:59:00Z,25,4,21,24,4,20
2020-03-21T04:59:00Z,25,4,21,24,4,20
2020-03-21T05:59:00Z,25,4,21,24,4,20
2020-03-21T06:59:00Z,25,4,21,24,4,20
2020-03-21T07:59:00Z,25,4,21,24,4,20
2020-03-21T08:59:00Z,25,4,21,24,4,20
2020-03-21T09:59:00Z,25,4,21,24,4,20
2020-03-21T10:59:00Z,25,4,21,24,4,20
2020-03-21T11:59:00Z,25,4,21,24,4,20
2020-03-21T12:59:00Z,25,4,21,24,4,20
2020-03-21T13:59:00Z,25,4,21,24,4,20
2020-03-21T14:59:00Z,26,5,21,24,4,20
2020-03-21T15:59:00Z,26,5,21,24,4,20
2020-03-21T16:59:00Z,26,5,21,24,4,20
2020-03-21T17:59:00Z,26,5,21,24,4,20
2020-03-21T18:59:00Z,26,5,21,24,4,20
2020-03-21T19:59:00Z,25,4,21,24,4,20
2020-03-21T20:59:00Z,25,4,21,24,4,20
2020-03-21T21:59:00Z,25,4,21,24,4,20
2020-03-21T22:59:00Z,25,4,21,24,4,20
2020-03-21T23:59:00Z,24,4,20,24,4,20
2020-03-22T00:59:00Z,25,5,20,25,5,20
2020-03-22T01:59:00Z,25,5,20,25,5,20
2020-03-22T02:59:00Z,25,5,20,25,5,20
2020-03-22T03:59:00Z,25,5,20,25,5,20
2020-03-22T04:59:00Z,25,5,20,25,5,20
2020-03-22T05:59:00Z,25,5,20,25,5,20
2020-03-22T06:59:00Z,25,5,20,25,5,20
2020-03-22T07:59:00Z,25,5,20,25,5,20
2020-03-22T08:59:00Z,25,5,20,25,5,20
2020-03-22T09:59:00Z,25,5,20,25,5,20
2020-03-22T10:59:00Z,25,5,20,25,5,20
2020-03-22T11:59:00Z,25,5,20,25,5,20
2020-03-22T12:59:00Z,25,5,20,25,5,20
2020-03-22T13:59:00Z,25,5,20,25,5,20
2020-03-22T14:59:00Z,25,5,20,25,5,20
2020-03-22T15:59:00Z,24,5,19,24,5,19
2020-03-22T16:59:00Z,24,5,19,24,5,19
2020-03-22T17:59:00Z,24,5,19,24,5,19
2020-03-22T18:59:00Z,24,5,19,24,5,19
2020-03-22T19:59:00Z,24,5,19,24,5,19
2020-03-22T20:59:00Z,24,5,19,24,5,19
2020-03-22T21:59:00Z,24,5,19,24,5,19
2020-03-22T22:59:00Z,24,5,19,24,5,19
2020-03-22T23:59:00Z,24,5,19,24,5,19
2020-03-23T00:59:00Z,25,5,20,24,5,19
2020-03-23T01:59:00Z,25,5,20,24,5,19
2020-03-23T02:59:00Z,26,5,21,25,5,20
2020-03-23T03:59:00Z,26,5,21,25,5,20
2020-03-23T04:59:00Z,26,5,21,25,5,20
2020-03-23T05:59:00Z,26,5,21,25,5,20
2020-03-23T06:59:00Z,26,5,21,25,5,20
2020-03-23T07:59:00Z,26,5,21,25,5,20
2020-03-23T08:59:00Z,26,5,21,25,5,20
2020-03-23T09:59:00Z,26,5,21,25,5,20
2020-03-23T10:59:00Z,26,5,21,25,5,20
2020-03-23T11:59:00Z,26,5,21,25,5,20
2020-03-23T12:59:00Z,26,5,21,25,5,20
2020-03-23T13:59:00Z,26,5,21,25,5,20
2020-03-23T14:59:00Z,27,6,21,26,6,20
2020-03-23T15:59:00Z,27,6,21,26,6,20
2020-03-23T16:59:00Z,27,6,21,26,6,20
2020-03-23T17:59:00Z,27,6,21,26,6,20
2020-03-23T18:59:00Z,27,6,21,26,6,20
2020-03-23T19:59:00Z,27,6,21,26,6,20
2020-03-23T20:59:00Z,26,6,20,25,6,19
2020-03-23T21:59:00Z,26,6,20,25,6,19
2020-03-23T22:59:00Z,25,6,19,24,6,18
2020-03-23T23:59:00Z,26,7,19,25,7,18
2020-03-24T00:59:00Z,26,7,19,25,7,18
2020-03-24T01:59:00Z,26,7,19,25,7,18
2020-03-24T02:59:00Z,26,7,19,25,7,18
2020-03-24T03:59:00Z,26,7,19,25,7,18
2020-03-24T04:59:00Z,26,7,19,25,7,18
2020-03-24T05:59:00Z,26,7,19,25,7,18
2020-03-24T06:59:00Z,26,7,19,25,7,18
2020-03-24T07:59:00Z,26,7,19,25,7,18
2020-03-24T08:59:00Z,27,8,19,26,8,18
2020-03-24T09:59:00Z,27,8,19,26,8,18
2020-03-24T10:59:00Z,27,8,19,26,8,18
2020-03-24T11:59:00Z,27,8,19,26,8,18
2020-03-24T12:59:00Z,27,8,19,26,8,18
2020-03-24T13:59:00Z,27,8,19,26,8,18
2020-03-24T14:59:00Z,28,8,20,27,8,19
2020-03-24T15:59:00Z,28,8,20,27,8,19
2020-03-24T16:59:00Z,29,8,21,28,8,20
2020-03-24T17:59:00Z,29,8,21,28,8,20
2020-03-24T18:59:00Z,29,8,21,28,8,20
2020-03-24T19:59:00Z,29,8,21,28,8,20
2020-03-24T20:59:00Z,29,8,21,28,8,20
2020-03-24T21:59:00Z,29,8,21,28,8,20
2020-03-24T22:59:00Z,29,8,21,28,8,20
2020-03-24T23:59:00Z,29,8,21,28,8,20
2020-03-25T00:59:00Z,29,8,21,27,7,20
2020-03-25T01:59:00Z,29,8,21,27,7,20
2020-03-25T02:59:00Z,30,8,22,28,7,21
2020-03-25T03:59:00Z,29,8,21,27,7,20
2020-03-25T04:59:00Z,29,8,21,27,7,20
2020-03-25T05:59:00Z,30,8,22,28,7,21
2020-03-25T06:59:00Z,30,8,22,28,7,21
2020-03-25T07:59:00Z,30,8,22,28,7,21
2020-03-25T08:59:00Z,31,9,22,29,8,21
2020-03-25T09:59:00Z,31,9,22,29,8,21
2020-03-25T10:59:00Z,31,9,22,29,8,21
2020-03-25T11:59:00Z,30,9,21,28,8,20
2020-03-25T12:59:00Z,30,9,21,28,8,20
2020-03-25T13:59:00Z,29,9,20,27,8,19
2020-03-25T14:59:00Z,30,10,20,28,9,19
2020-03-25T15:59:00Z,30,10,20,28,9,19
2020-03-25T16:59:00Z,28,10,18,27,9,18
2020-03-25T17:59:00Z,28,10,18,27,9,18
2020-03-25T18:59:00Z,28,10,18,27,9,18
2020-03-25T19:59:00Z,28,10,18,27,9,18
2020-03-25T20:59:00Z,28,10,18,27,9,18
2020-03-25T21:59:00Z,28,10,18,27,9,18
2020-03-25T22:59:00Z,28,10,18,27,9,18
2020-03-25T23:59:00Z,28,10,18,27,9,18
2020-03-26T00:59:00Z,28,10,18,27,9,18
2020-03-26T01:59:00Z,29,10,19,28,9,19
2020-03-26T02:59:00Z,29,10,19,28,9,19
2020-03-26T03:59:00Z,29,10,19,28,9,19
2020-03-26T04:59:00Z,29,10,19,28,9,19
2020-03-26T05:59:00Z,29,10,19,28,9,19
2020-03-26T06:59:00Z,30,10,20,29,9,20
2020-03-26T07:59:00Z,31,11,20,30,10,20
2020-03-26T08:59:00Z,31,11,20,30,10,20
2020-03-26T09:59:00Z,31,11,20,30,10,20
2020-03-26T10:59:00Z,31,11,20,30,10,20
2020-03-26T11:59:00Z,31,11,20,30,10,20
2020-03-26T12:59:00Z,31,11,20,30,10,20
2020-03-26T13:59:00Z,31,11,20,30,10,20
2020-03-26T14:59:00Z,31,11,20,30,10,20
2020-03-26T15:59:00Z,31,11,20,30,10,20
2020-03-26T16:59:00Z,31,11,20,30,10,20
2020-03-26T17:59:00Z,30,11,19,29,10,19
2020-03-26T18:59:00Z,30,11,19,29,10,19
2020-03-26T19:59:00Z,30,11,19,29,10,19
2020-03-26T20:59:00Z,30,11,19,29,10,19
2020-03-26T21:59:00Z,30,11,19,29,10,19
2020-03-26T22:59:00Z,30,11,19,29,10,19
2020-03-26T23:59:00Z,30,11,19,29,10,19
2020-03-27T00:59:00Z,31,11,20,29,10,19
2020-03-27T01:59:00Z,31,11,20,29,10,19
2020-03-27T02:59:00Z,31,11,20,29,10,19
2020-03-27T03:59:00Z,31,11,20,29,10,19
2020-03-27T04:59:00Z,31,11,20,29,10,19
2020-03-27T05:59:00Z,31,11,20,29,10,19
2020-03-27T06:59:00Z,31,11,20,29,10,19
2020-03-27T07:59:00Z,31,11,20,29,10,19
2020-03-27T08:59:00Z,31,11,20,29,10,19
2020-03-27T09:59:00Z,31,11,20,29,10,19
2020-03-27T10:59:00Z,31,11,20,29,10,19
2020-03-27T11:59:00Z,32,12,20,30,11,19
2020-03-27T12:59:00Z,32,12,20,30,11,19
2020-03-27T13:59:00Z,32,12,20,30,11,19
2020-03-27T14:59:00Z,32,12,20,30,11,19
2020-03-27T15:59:00Z,33,12,21,30,11,19
2020-03-27T16:59:00Z,33,12,21,30,11,19
2020-03-27T17:59:00Z,33,12,21,30,11,19
2020-03-27T18:59:00Z,33,12,21,30,11,19
2020-03-27T19:59:00Z,33,12,21,30,11,19
2020-03-27T20:59:00Z,33,12,21,30,11,19
2020-03-27T21:59:00Z,33,12,21,30,11,19
2020-03-27T22:59:00Z,33,12,21,30,11,19
2020-03-27T23:59:00Z,33,12,21,30,11,19
2020-03-28T00:59:00Z,32,11,21,29,10,19
2020-03-28T01:59:00Z,32,11,21,29,10,19
2020-03-28T02:59:00Z,32,11,21,29,10,19
2020-03-28T03:59:00Z,32,11,21,29,10,19
2020-03-28T04:59:00Z,31,10,21,29,10,19
2020-03-28T05:59:00Z,31,10,21,29,10,19
2020-03-28T06:59:00Z,31,10,21,29,10,19
2020-03-28T07:59:00Z,31,10,21,29,10,19
2020-03-28T08:59:00Z,31,10,21,29,10,19
2020-03-28T09:59:00Z,31,10,21,29,10,19
2020-03-28T10:59:00Z,31,10,21,29,10,19
2020-03-28T11:59:00Z,30,10,20,28,10,18
2020-03-28T12:59:00Z,30,10,20,28,10,18
2020-03-28T13:59:00Z,30,10,20,28,10,18
2020-03-28T14:59:00Z,30,10,20,28,10,18
2020-03-28T15:59:00Z,29,10,19,27,10,17
2020-03-28T16:59:00Z,29,10,19,27,10,17
2020-03-28T17:59:00Z,29,10,19,27,10,17
2020-03-28T18:59:00Z,30,12,18,29,12,17
2020-03-28T19:59:00Z,30,12,18,29,12,17
2020-03-28T20:59:00Z,30,12,18,29,12,17
2020-03-28T21:59:00Z,30,12,18,29,12,17
2020-03-28T22:59:00Z,30,12,18,29,12,17
2020-03-28T23:59:00Z,30,12,18,29,12,17
2020-03-29T00:59:00Z,29,12,17,27,12,15
2020-03-29T01:59:00Z,29,12,17,27,12,15
2020-03-29T02:59:00Z,29,12,17,27,12,15
2020-03-29T03:59:00Z,29,12,17,27,12,15
2020-03-29T04:59:00Z,29,12,17,27,12,15
2020-03-29T05:59:00Z,29,12,17,27,12,15
2020-03-29T06:59:00Z,29,12,17,27,12,15
2020-03-29T07:59:00Z,29,12,17,27,12,15
2020-03-29T08:59:00Z,29,12,17,27,12,15
2020-03-29T09:59:00Z,29,12,17,27,12,15
2020-03-29T10:59:00Z,29,12,17,27,12,15
2020-03-29T11:59:00Z,29,12,17,27,12,15
2020-03-29T12:59:00Z,30,12,18,28,12,16
2020-03-29T13:59:00Z,31,13,18,29,13,16
2020-03-29T14:59:00Z,31,13,18,29,13,16
2020-03-29T15:59:00Z,31,13,18,29,13,16
2020-03-29T16:59:00Z,30,13,17,29,13,16
2020-03-29T17:59:00Z,29,13,16,28,13,15
2020-03-29T18:59:00Z,30,14,16,29,14,15
2020-03-29T19:59:00Z,29,13,16,28,13,15
2020-03-29T20:59:00Z,29,13,16,28,13,15
2020-03-29T21:59:00Z,29,13,16,28,13,15
2020-03-29T22:59:00Z,29,13,16,28,13,15
2020-03-29T23:59:00Z,30,14,16,29,14,15
2020-03-30T00:59:00Z,30,14,16,29,14,15
2020-03-30T01:59:00Z,30,14,16,29,14,15
2020-03-30T02:59:00Z,30,14,16,29,14,15
2020-03-30T03:59:00Z,30,14,16,29,14,15
2020-03-30T04:59:00Z,30,14,16,29,14,15
2020-03-30T05:59:00Z,30,14,16,29,14,15
2020-03-30T06:59:00Z,30,14,16,29,14,15
2020-03-30T07:59:00Z,30,14,16,29,14,15
2020-03-30T08:59:00Z,30,14,16,29,14,15
2020-03-30T09:59:00Z,30,14,16,29,14,15
2020-03-30T10:59:00Z,30,14,16,29,14,15
2020-03-30T11:59:00Z,30,14,16,29,14,15
2020-03-30T12:59:00Z,30,14,16,29,14,15
2020-03-30T13:59:00Z,30,14,16,29,14,15
2020-03-30T14:59:00Z,30,14,16,29,14,15
2020-03-30T15:59:00Z,30,14,16,29,14,15
2020-03-30T16:59:00Z,30,14,16,29,14,15
2020-03-30T17:59:00Z,30,14,16,29,14,15
2020-03-30T18:59:00Z,30,14,16,29,14,15
2020-03-30T19:59:00Z,29,14,15,28,14,14
2020-03-30T20:59:00Z,29,14,15,28,14,14
2020-03-30T21:59:00Z,30,14,16,29,14,15
2020-03-30T22:59:00Z,30,14,16,29,14,15
2020-03-30T23:59:00Z,30,14,16,29,14,15
2020-03-31T00:59:00Z,30,14,16,28,14,14
2020-03-31T01:59:00Z,29,14,15,27,14,13
2020-03-31T02:59:00Z,29,14,15,27,14,13
2020-03-31T03:59:00Z,29,14,15,27,14,13
2020-03-31T04:59:00Z,29,14,15,27,14,13
2020-03-31T05:59:00Z,29,14,15,27,14,13
2020-03-31T06:59:00Z,29,14,15,27,14,13
2020-03-31T07:59:00Z,29,14,15,27,14,13
2020-03-31T08:59:00Z,30,15,15,28,15,13
2020-03-31T09:59:00Z,30,15,15,28,15,13
2020-03-31T10:59:00Z,30,15,15,28,15,13
2020-03-31T11:59:00Z,30,15,15,28,15,13
2020-03-31T12:59:00Z,30,15,15,28,15,13
2020-03-31T13:59:00Z,31,15,16,29,15,14
2020-03-31T14:59:00Z,31,15,16,29,15,14
2020-03-31T15:59:00Z,31,15,16,29,15,14
2020-03-31T16:59:00Z,31,15,16,29,15,14
2020-03-31T17:59:00Z,33,16,17,31,16,15
2020-03-31T18:59:00Z,33,16,17,31,16,15
2020-03-31T19:59:00Z,32,17,15,31,17,14
2020-03-31T20:59:00Z,32,17,15,31,17,14
2020-03-31T21:59:00Z,32,17,15,31,17,14
2020-03-31T22:59:00Z,32,17,15,31,17,14
2020-03-31T23:59:00Z,33,17,16,32,17,15
2020-04-01T00:59:00Z,33,17,16,32,17,15
2020-04-01T01:59:00Z,33,17,16,32,17,15
2020-04-01T02:59:00Z,33,17,16,32,17,15
2020-04-01T03:59:00Z,34,18,16,33,18,15
2020-04-01T04:59:00Z,34,18,16,33,18,15
2020-04-01T05:59:00Z,34,18,16,33,18,15
2020-04-01T06:59:00Z,34,18,16,33,18,15
2020-04-01T07:59:00Z,34,18,16,33,18,15
2020-04-01T08:59:00Z,35,19,16,34,19,15
2020-04-01T09:59:00Z,35,19,16,34,19,15
2020-04-01T10:59:00Z,35,19,16,34,19,15
2020-04-01T11:59:00Z,36,20,16,35,20,15
2020-04-01T12:59:00Z,36,20,16,35,20,15
2020-04-01T13:59:00Z,35,19,16,34,19,15
2020-04-01T14:59:00Z,36,20,16,35,20,15
2020-04-01T15:59:00Z,38,22,16,37,22,15
2020-04-01T16:59:00Z,37,21,16,36,21,15
2020-04-01T17:59:00Z,38,22,16,37,22,15
2020-04-01T18:59:00Z,37,21,16,36,21,15
2020-04-01T19:59:00Z,38,22,16,37,22,15
2020-04-01T20:59:00Z,39,23,16,38,23,15
2020-04-01T21:59:00Z,39,23,16,38,23,15
2020-04-01T22:59:00Z,41,25,16,40,25,15
2020-04-01T23:59:00Z,40,24,16,39,24,15
2020-04-02T00:59:00Z,40,24,16,37,24,13
2020-04-02T01:59:00Z,40,24,16,37,24,13
2020-04-02T02:59:00Z,40,24,16,37,24,13
2020-04-02T03:59:00Z,40,24,16,37,24,13
2020-04-02T04:59:00Z,40,24,16,37,24,13
2020-04-02T05:59:00Z,40,24,16,37,24,13
2020-04-02T06:59:00Z,40,24,16,37,24,13
2020-04-02T07:59:00Z,40,24,16,37,24,13
2020-04-02T08:59:00Z,39,24,15,36,24,12
2020-04-02T09:59:00Z,39,24,15,36,24,12
2020-04-02T10:59:00Z,38,23,15,35,23,12
2020-04-02T11:59:00Z,38,23,15,35,23,12
2020-04-02T12:59:00Z,38,23,15,35,23,12
2020-04-02T13:59:00Z,38,23,15,35,23,12
2020-04-02T14:59:00Z,38,23,15,36,23,13
2020-04-02T15:59:00Z,38,23,15,36,23,13
2020-04-02T16:59:00Z,38,23,15,36,23,13
2020-04-02T17:59:00Z,38,23,15,36,23,13
2020-04-02T18:59:00Z,38,23,15,36,23,13
2020-04-02T19:59:00Z,38,23,15,36,23,13
2020-04-02T20:59:00Z,38,23,15,36,23,13
2020-04-02T21:59:00Z,38,23,15,36,23,13
2020-04-02T22:59:00Z,38,23,15,36,23,13
2020-04-02T23:59:00Z,38,23,15,36,23,13
2020-04-03T00:59:00Z,38,23,15,36,23,13
2020-04-03T01:59:00Z,38,23,15,36,23,13
2020-04-03T02:59:00Z,38,23,15,36,23,13
2020-04-03T03:59:00Z,38,23,15,36,23,13
2020-04-03T04:59:00Z,39,24,15,37,24,13
2020-04-03T05:59:00Z,39,24,15,37,24,13
2020-04-03T06:59:00Z,39,24,15,37,24,13
2020-04-03T07:59:00Z,40,25,15,38,25,13
2020-04-03T08:59:00Z,40,25,15,38,25,13
2020-04-03T09:59:00Z,40,25,15,38,25,13
2020-04-03T10:59:00Z,40,25,15,38,25,13
2020-04-03T11:59:00Z,40,25,15,38,25,13
2020-04-03T12:59:00Z,40,25,15,38,25,13
2020-04-03T13:59:00Z,41,26,15,39,26,13
2020-04-03T14:59:00Z,41,26,15,39,26,13
2020-04-03T15:59:00Z,42,27,15,40,27,13
2020-04-03T16:59:00Z,42,27,15,40,27,13
2020-04-03T17:59:00Z,41,27,14,39,27,12
2020-04-03T18:59:00Z,41,27,14,39,27,12
2020-04-03T19:59:00Z,40,27,13,38,27,11
2020-04-03T20:59:00Z,40,27,13,38,27,11
2020-04-03T21:59:00Z,39,27,12,38,27,11
2020-04-03T22:59:00Z,39,27,12,38,27,11
2020-04-03T23:59:00Z,39,27,12,38,27,11
2020-04-04T00:59:00Z,40,28,12,38,27,11
2020-04-04T01:59:00Z,41,29,12,39,28,11
2020-04-04T02:59:00Z,41,29,12,39,28,11
2020-04-04T03:59:00Z,42,29,13,39,28,11
2020-04-04T04:59:00Z,42,29,13,39,28,11
2020-04-04T05:59:00Z,42,29,13,39,28,11
2020-04-04T06:59:00Z,42,29,13,39,28,11
2020-04-04T07:59:00Z,43,30,13,40,29,11
2020-04-04T08:59:00Z,43,30,13,40,29,11
2020-04-04T09:59:00Z,43,30,13,40,29,11
2020-04-04T10:59:00Z,43,30,13,40,29,11
2020-04-04T11:59:00Z,44,30,14,41,29,12
2020-04-04T12:59:00Z,44,30,14,41,29,12
2020-04-04T13:59:00Z,43,30,13,40,29,11
2020-04-04T14:59:00Z,43,30,13,40,29,11
2020-04-04T15:59:00Z,43,30,13,40,29,11
2020-04-04T16:59:00Z,43,30,13,40,29,11
2020-04-04T17:59:00Z,42,30,12,39,29,10
2020-04-04T18:59:00Z,41,30,11,39,29,10
2020-04-04T19:59:00Z,40,30,10,39,29,10
2020-04-04T20:59:00Z,40,30,10,39,29,10
2020-04-04T21:59:00Z,40,30,10,39,29,10
2020-04-04T22:59:00Z,40,30,10,39,29,10
2020-04-04T23:59:00Z,41,31,10,40,30,10
2020-04-05T00:59:00Z,42,32,10,41,31,10
2020-04-05T01:59:00Z,42,32,10,41,31,10
2020-04-05T02:59:00Z,43,32,11,41,31,10
2020-04-05T03:59:00Z,43,32,11,41,31,10
2020-04-05T04:59:00Z,43,32,11,41,31,10
2020-04-05T05:59:00Z,43,32,11,41,31,10
2020-04-05T06:59:00Z,43,32,11,41,31,10
2020-04-05T07:59:00Z,43,32,11,41,31,10
2020-04-05T08:59:00Z,43,32,11,41,31,10
2020-04-05T09:59:00Z,44,33,11,42,32,10
2020-04-05T10:59:00Z,44,33,11,42,32,10
2020-04-05T11:59:00Z,44,33,11,42,32,10
2020-04-05T12:59:00Z,44,33,11,42,32,10
2020-04-05T13:59:00Z,44,33,11,42,32,10
2020-04-05T14:59:00Z,44,33,11,42,32,10
2020-04-05T15:59:00Z,44,33,11,42,32,10
2020-04-05T16:59:00Z,44,33,11,42,32,10
2020-04-05T17:59:00Z,44,33,11,42,32,10
2020-04-05T18:59:00Z,44,33,11,42,32,10
2020-04-05T19:59:00Z,43,33,10,42,32,10
2020-04-05T20:59:00Z,43,33,10,42,32,10
2020-04-05T21:59:00Z,43,33,10,42,32,10
2020-04-05T22:59:00Z,43,33,10,42,32,10
2020-04-05T23:59:00Z,43,33,10,42,32,10
2020-04-06T00:59:00Z,43,33,10,41,32,9
2020-04-06T01:59:00Z,43,33,10,41,32,9
2020-04-06T02:59:00Z,41,31,10,40,31,9
2020-04-06T03:59:00Z,44,33,11,43,33,10
2020-04-06T04:59:00Z,44,33,11,43,33,10
2020-04-06T05:59:00Z,44,33,11,43,33,10
2020-04-06T06:59:00Z,44,33,11,43,33,10
2020-04-06T07:59:00Z,44,33,11,43,33,10
2020-04-06T08:59:00Z,44,33,11,43,33,10
2020-04-06T09:59:00Z,44,33,11,43,33,10
2020-04-06T10:59:00Z,44,33,11,43,33,10
2020-04-06T11:59:00Z,44,33,11,43,33,10
2020-04-06T12:59:00Z,44,33,11,43,33,10
2020-04-06T13:59:00Z,45,34,11,44,34,10
2020-04-06T14:59:00Z,45,34,11,44,34,10
2020-04-06T15:59:00Z,45,34,11,44,34,10
2020-04-06T16:59:00Z,45,34,11,44,34,10
2020-04-06T17:59:00Z,45,34,11,44,34,10
2020-04-06T18:59:00Z,45,34,11,44,34,10
2020-04-06T19:59:00Z,45,35,10,45,35,10
2020-04-06T20:59:00Z,45,35,10,45,35,10
2020-04-06T21:59:00Z,45,35,10,45,35,10
2020-04-06T22:59:00Z,45,35,10,45,35,10
2020-04-06T23:59:00Z,46,36,10,46,36,10
2020-04-07T00:59:00Z,46,36,10,45,35,10
2020-04-07T01:59:00Z,46,36,10,45,35,10
2020-04-07T02:59:00Z,46,36,10,45,35,10
2020-04-07T03:59:00Z,47,36,11,46,35,11
2020-04-07T04:59:00Z,47,36,11,46,35,11
2020-04-07T05:59:00Z,47,36,11,46,35,11
2020-04-07T06:59:00Z,47,36,11,46,35,11
2020-04-07T07:59:00Z,47,36,11,46,35,11
2020-04-07T08:59:00Z,47,36,11,46,35,11
2020-04-07T09:59:00Z,47,36,11,46,35,11
2020-04-07T10:59:00Z,47,36,11,46,35,11
2020-04-07T11:59:00Z,47,36,11,46,35,11
2020-04-07T12:59:00Z,47,36,11,46,35,11
2020-04-07T13:59:00Z,47,36,11,46,35,11
2020-04-07T14:59:00Z,47,36,11,46,35,11
2020-04-07T15:59:00Z,47,36,11,46,35,11
2020-04-07T16:59:00Z,46,35,11,46,35,11
2020-04-07T17:59:00Z,46,35,11,46,35,11
2020-04-07T18:59:00Z,46,35,11,46,35,11
2020-04-07T19:59:00Z,46,35,11,46,35,11
2020-04-07T20:59:00Z,45,34,11,45,34,11
2020-04-07T21:59:00Z,45,34,11,45,34,11
2020-04-07T22:59:00Z,45,34,11,45,34,11
2020-04-07T23:59:00Z,45,34,11,45,34,11
2020-04-08T00:59:00Z,45,34,11,45,34,11
2020-04-08T01:59:00Z,45,34,11,45,34,11
2020-04-08T02:59:00Z,45,34,11,45,34,11
2020-04-08T03:59:00Z,45,34,11,45,34,11
2020-04-08T04:59:00Z,45,34,11,45,34,11
2020-04-08T05:59:00Z,45,34,11,45,34,11
2020-04-08T06:59:00Z,46,34,12,46,34,12
2020-04-08T07:59:00Z,47,34,13,47,34,13
2020-04-08T08:59:00Z,47,34,13,47,34,13
2020-04-08T09:59:00Z,47,34,13,47,34,13
2020-04-08T10:59:00Z,47,34,13,47,34,13
2020-04-08T11:59:00Z,47,34,13,47,34,13
2020-04-08T12:59:00Z,47,34,13,47,34,13
2020-04-08T13:59:00Z,47,34,13,47,34,13
2020-04-08T14:59:00Z,47,34,13,47,34,13
2020-04-08T15:59:00Z,47,34,13,47,34,13
2020-04-08T16:59:00Z,47,34,13,47,34,13
2020-04-08T17:59:00Z,47,34,13,47,34,13
2020-04-08T18:59:00Z,47,34,13,47,34,13
2020-04-08T19:59:00Z,46,33,13,46,33,13
2020-04-08T20:59:00Z,46,33,13,46,33,13
2020-04-08T21:59:00Z,46,33,13,46,33,13
2020-04-08T22:59:00Z,46,33,13,46,33,13
2020-04-08T23:59:00Z,48,34,14,48,34,14
2020-04-09T00:59:00Z,48,34,14,47,33,14
2020-04-09T01:59:00Z,48,34,14,47,33,14
2020-04-09T02:59:00Z,48,34,14,47,33,14
2020-04-09T03:59:00Z,48,34,14,47,33,14
2020-04-09T04:59:00Z,48,34,14,47,33,14
2020-04-09T05:59:00Z,48,34,14,47,33,14
2020-04-09T06:59:00Z,48,34,14,47,33,14
2020-04-09T07:59:00Z,48,34,14,47,33,14
2020-04-09T08:59:00Z,48,34,14,47,33,14
2020-04-09T09:59:00Z,48,34,14,47,33,14
2020-04-09T10:59:00Z,48,34,14,47,33,14
2020-04-09T11:59:00Z,48,34,14,47,33,14
2020-04-09T12:59:00Z,48,34,14,47,33,14
2020-04-09T13:59:00Z,48,34,14,47,33,14
2020-04-09T14:59:00Z,48,34,14,47,33,14
2020-04-09T15:59:00Z,48,34,14,47,33,14
2020-04-09T16:59:00Z,48,34,14,47,33,14
2020-04-09T17:59:00Z,47,34,13,46,33,13
2020-04-09T18:59:00Z,47,34,13,46,33,13
2020-04-09T19:59:00Z,47,34,13,46,33,13
2020-04-09T20:59:00Z,47,34,13,46,33,13
2020-04-09T21:59:00Z,47,34,13,46,33,13
2020-04-09T22:59:00Z,47,34,13,46,33,13
2020-04-09T23:59:00Z,48,35,13,47,34,13
2020-04-10T00:59:00Z,48,35,13,47,34,13
2020-04-10T01:59:00Z,48,35,13,47,34,13
2020-04-10T02:59:00Z,48,35,13,47,34,13
2020-04-10T03:59:00Z,46,34,12,45,33,12
2020-04-10T04:59:00Z,47,35,12,46,34,12
2020-04-10T05:59:00Z,47,35,12,46,34,12
2020-04-10T06:59:00Z,47,35,12,46,34,12
2020-04-10T07:59:00Z,47,35,12,46,34,12
2020-04-10T08:59:00Z,47,35,12,46,34,12
2020-04-10T09:59:00Z,47,35,12,46,34,12
2020-04-10T10:59:00Z,47,35,12,46,34,12
2020-04-10T11:59:00Z,47,35,12,46,34,12
2020-04-10T12:59:00Z,46,34,12,45,33,12
2020-04-10T13:59:00Z,46,34,12,45,33,12
2020-04-10T14:59:00Z,46,34,12,45,33,12
2020-04-10T15:59:00Z,46,34,12,45,33,12
2020-04-10T16:59:00Z,46,34,12,45,33,12
2020-04-10T17:59:00Z,45,34,11,44,33,11
2020-04-10T18:59:00Z,43,32,11,42,31,11
2020-04-10T19:59:00Z,42,32,10,41,31,10
2020-04-10T20:59:00Z,41,31,10,40,30,10
2020-04-10T21:59:00Z,41,31,10,40,30,10
2020-04-10T22:59:00Z,41,31,10,40,30,10
2020-04-10T23:59:00Z,42,32,10,41,31,10
2020-04-11T00:59:00Z,42,32,10,41,31,10
2020-04-11T01:59:00Z,42,32,10,41,31,10
2020-04-11T02:59:00Z,44,33,11,43,32,11
2020-04-11T03:59:00Z,44,33,11,43,32,11
2020-04-11T04:59:00Z,45,33,12,44,32,12
2020-04-11T05:59:00Z,45,33,12,44,32,12
2020-04-11T06:59:00Z,45,33,12,44,32,12
2020-04-11T07:59:00Z,45,33,12,44,32,12
2020-04-11T08:59:00Z,45,33,12,44,32,12
2020-04-11T09:59:00Z,45,33,12,44,32,12
2020-04-11T10:59:00Z,45,33,12,44,32,12
2020-04-11T11:59:00Z,45,33,12,44,32,12
2020-04-11T12:59:00Z,45,33,12,44,32,12
2020-04-11T13:59:00Z,45,33,12,44,32,12
2020-04-11T14:59:00Z,45,33,12,44,32,12
2020-04-11T15:59:00Z,45,33,12,44,32,12
2020-04-11T16:59:00Z,45,33,12,44,32,12
2020-04-11T17:59:00Z,45,33,12,44,32,12
2020-04-11T18:59:00Z,45,33,12,44,32,12
2020-04-11T19:59:00Z,45,34,11,44,33,11
2020-04-11T20:59:00Z,45,34,11,44,33,11
2020-04-11T21:59:00Z,45,34,11,44,33,11
2020-04-11T22:59:00Z,45,34,11,44,33,11
2020-04-11T23:59:00Z,46,35,11,45,34,11
2020-04-12T00:59:00Z,45,34,11,45,34,11
2020-04-12T01:59:00Z,45,34,11,45,34,11
2020-04-12T02:59:00Z,45,34,11,45,34,11
2020-04-12T03:59:00Z,45,34,11,45,34,11
2020-04-12T04:59:00Z,45,34,11,45,34,11
2020-04-12T05:59:00Z,45,34,11,45,34,11
2020-04-12T06:59:00Z,45,34,11,45,34,11
2020-04-12T07:59:00Z,45,34,11,45,34,11
2020-04-12T08:59:00Z,45,34,11,45,34,11
2020-04-12T09:59:00Z,46,34,12,46,34,12
2020-04-12T10:59:00Z,46,34,12,46,34,12
2020-04-12T11:59:00Z,46,34,12,46,34,12
2020-04-12T12:59:00Z,46,34,12,46,34,12
2020-04-12T13:59:00Z,46,34,12,46,34,12
2020-04-12T14:59:00Z,46,34,12,46,34,12
2020-04-12T15:59:00Z,47,35,12,47,35,12
2020-04-12T16:59:00Z,47,35,12,47,35,12
2020-04-12T17:59:00Z,47,35,12,47,35,12
2020-04-12T18:59:00Z,47,35,12,47,35,12
2020-04-12T19:59:00Z,47,35,12,47,35,12
2020-04-12T20:59:00Z,47,35,12,47,35,12
2020-04-12T21:59:00Z,47,35,12,47,35,12
2020-04-12T22:59:00Z,47,35,12,47,35,12
2020-04-12T23:59:00Z,48,36,12,48,36,12
2020-04-13T00:59:00Z,48,36,12,46,35,11
2020-04-13T01:59:00Z,48,36,12,46,35,11
2020-04-13T02:59:00Z,49,37,12,47,36,11
2020-04-13T03:59:00Z,49,37,12,47,36,11
2020-04-13T04:59:00Z,49,37,12,47,36,11
2020-04-13T05:59:00Z,49,37,12,47,36,11
2020-04-13T06:59:00Z,49,37,12,47,36,11
2020-04-13T07:59:00Z,49,37,12,47,36,11
2020-04-13T08:59:00Z,49,37,12,47,36,11
2020-04-13T09:59:00Z,49,37,12,47,36,11
2020-04-13T10:59:00Z,49,37,12,47,36,11
2020-04-13T11:59:00Z,49,37,12,47,36,11
2020-04-13T12:59:00Z,49,37,12,47,36,11
2020-04-13T13:59:00Z,50,38,12,47,36,11
2020-04-13T14:59:00Z,50,38,12,47,36,11
2020-04-13T15:59:00Z,50,38,12,47,36,11
2020-04-13T16:59:00Z,50,38,12,47,36,11
2020-04-13T17:59:00Z,50,38,12,47,36,11
2020-04-13T18:59:00Z,50,38,12,47,36,11
2020-04-13T19:59:00Z,50,38,12,47,36,11
2020-04-13T20:59:00Z,50,38,12,47,36,11
2020-04-13T21:59:00Z,49,38,11,46,36,10
2020-04-13T22:59:00Z,49,38,11,46,36,10
2020-04-13T23:59:00Z,49,38,11,46,36,10
2020-04-14T00:59:00Z,48,38,10,45,35,10
2020-04-14T01:59:00Z,49,38,11,46,35,11
2020-04-14T02:59:00Z,49,38,11,46,35,11
2020-04-14T03:59:00Z,51,38,13,47,35,12
2020-04-14T04:59:00Z,50,37,13,47,35,12
2020-04-14T05:59:00Z,50,37,13,47,35,12
2020-04-14T06:59:00Z,50,37,13,47,35,12
2020-04-14T07:59:00Z,50,37,13,47,35,12
2020-04-14T08:59:00Z,50,37,13,47,35,12
2020-04-14T09:59:00Z,50,37,13,47,35,12
2020-04-14T10:59:00Z,50,37,13,47,35,12
2020-04-14T11:59:00Z,50,37,13,47,35,12
2020-04-14T12:59:00Z,50,37,13,47,35,12
2020-04-14T13:59:00Z,50,37,13,47,35,12
2020-04-14T14:59:00Z,50,37,13,47,35,12
2020-04-14T15:59:00Z,49,37,12,47,35,12
2020-04-14T16:59:00Z,49,37,12,47,35,12
2020-04-14T17:59:00Z,49,37,12,47,35,12
2020-04-14T18:59:00Z,49,37,12,47,35,12
2020-04-14T19:59:00Z,49,37,12,47,35,12
2020-04-14T20:59:00Z,49,37,12,47,35,12
2020-04-14T21:59:00Z,48,37,11,46,35,11
2020-04-14T22:59:00Z,48,37,11,46,35,11
2020-04-14T23:59:00Z,47,36,11,46,35,11
2020-04-15T00:59:00Z,47,36,11,44,33,11
2020-04-15T01:59:00Z,47,36,11,44,33,11
2020-04-15T02:59:00Z,47,36,11,44,33,11
2020-04-15T03:59:00Z,47,36,11,44,33,11
2020-04-15T04:59:00Z,47,36,11,44,33,11
2020-04-15T05:59:00Z,47,36,11,44,33,11
2020-04-15T06:59:00Z,47,36,11,44,33,11
2020-04-15T07:59:00Z,47,36,11,44,33,11
2020-04-15T08:59:00Z,47,36,11,44,33,11
2020-04-15T09:59:00Z,47,36,11,44,33,11
2020-04-15T10:59:00Z,47,36,11,44,33,11
2020-04-15T11:59:00Z,47,36,11,44,33,11
2020-04-15T12:59:00Z,47,36,11,44,33,11
2020-04-15T13:59:00Z,47,36,11,44,33,11
2020-04-15T14:59:00Z,48,36,12,45,33,12
2020-04-15T15:59:00Z,48,36,12,45,33,12
2020-04-15T16:59:00Z,48,36,12,45,33,12
2020-04-15T17:59:00Z,48,36,12,45,33,12
2020-04-15T18:59:00Z,48,36,12,45,33,12
2020-04-15T19:59:00Z,48,36,12,45,33,12
2020-04-15T20:59:00Z,48,36,12,45,33,12
2020-04-15T21:59:00Z,48,36,12,45,33,12
2020-04-15T22:59:00Z,48,36,12,45,33,12
2020-04-15T23:59:00Z,48,36,12,45,33,12
2020-04-16T00:59:00Z,48,36,12,45,33,12
2020-04-16T01:59:00Z,48,36,12,45,33,12
2020-04-16T02:59:00Z,48,36,12,45,33,12
2020-04-16T03:59:00Z,48,36,12,45,33,12
2020-04-16T04:59:00Z,49,37,12,46,34,12
2020-04-16T05:59:00Z,49,37,12,46,34,12
2020-04-16T06:59:00Z,49,37,12,46,34,12
2020-04-16T07:59:00Z,49,37,12,46,34,12
2020-04-16T08:59:00Z,49,37,12,46,34,12
2020-04-16T09:59:00Z,49,37,12,46,34,12
2020-04-16T10:59:00Z,49,37,12,46,34,12
2020-04-16T11:59:00Z,49,37,12,46,34,12
2020-04-16T12:59:00Z,49,37,12,46,34,12
2020-04-16T13:59:00Z,49,37,12,46,34,12
2020-04-16T14:59:00Z,50,38,12,47,35,12
2020-04-16T15:59:00Z,50,38,12,47,35,12
2020-04-16T16:59:00Z,49,37,12,47,35,12
2020-04-16T17:59:00Z,49,37,12,47,35,12
2020-04-16T18:59:00Z,49,37,12,47,35,12
2020-04-16T19:59:00Z,47,35,12,46,34,12
2020-04-16T20:59:00Z,47,35,12,46,34,12
2020-04-16T21:59:00Z,47,35,12,46,34,12
2020-04-16T22:59:00Z,47,35,12,46,34,12
2020-04-16T23:59:00Z,47,35,12,46,34,12
2020-04-17T00:59:00Z,47,35,12,45,33,12
2020-04-17T01:59:00Z,47,35,12,45,33,12
2020-04-17T02:59:00Z,46,35,11,44,33,11
2020-04-17T03:59:00Z,46,35,11,44,33,11
2020-04-17T04:59:00Z,46,35,11,44,33,11
2020-04-17T05:59:00Z,46,35,11,44,33,11
2020-04-17T06:59:00Z,46,35,11,44,33,11
2020-04-17T07:59:00Z,46,35,11,44,33,11
2020-04-17T08:59:00Z,46,35,11,44,33,11
2020-04-17T09:59:00Z,46,35,11,44,33,11
2020-04-17T10:59:00Z,47,35,12,44,33,11
2020-04-17T11:59:00Z,47,35,12,44,33,11
2020-04-17T12:59:00Z,47,35,12,44,33,11
2020-04-17T13:59:00Z,47,35,12,44,33,11
2020-04-17T14:59:00Z,47,35,12,44,33,11
2020-04-17T15:59:00Z,47,35,12,44,33,11
2020-04-17T16:59:00Z,48,35,13,45,33,12
2020-04-17T17:59:00Z,48,35,13,45,33,12
2020-04-17T18:59:00Z,48,35,13,45,33,12
2020-04-17T19:59:00Z,48,35,13,45,33,12
2020-04-17T20:59:00Z,48,35,13,45,33,12
2020-04-17T21:59:00Z,49,35,14,45,33,12
2020-04-17T22:59:00Z,49,35,14,45,33,12
2020-04-17T23:59:00Z,48,34,14,44,32,12
2020-04-18T00:59:00Z,48,34,14,41,31,10
2020-04-18T01:59:00Z,49,34,15,42,31,11
2020-04-18T02:59:00Z,49,34,15,42,31,11
2020-04-18T03:59:00Z,49,34,15,42,31,11
2020-04-18T04:59:00Z,49,34,15,42,31,11
2020-04-18T05:59:00Z,48,33,15,42,31,11
2020-04-18T06:59:00Z,48,33,15,42,31,11
2020-04-18T07:59:00Z,48,33,15,42,31,11
2020-04-18T08:59:00Z,48,33,15,42,31,11
2020-04-18T09:59:00Z,48,33,15,42,31,11
2020-04-18T10:59:00Z,48,33,15,42,31,11
2020-04-18T11:59:00Z,48,33,15,42,31,11
2020-04-18T12:59:00Z,48,33,15,42,31,11
2020-04-18T13:59:00Z,48,33,15,42,31,11
2020-04-18T14:59:00Z,49,34,15,43,32,11
2020-04-18T15:59:00Z,49,34,15,43,32,11
2020-04-18T16:59:00Z,49,34,15,43,32,11
2020-04-18T17:59:00Z,48,34,14,43,32,11
2020-04-18T18:59:00Z,47,34,13,43,32,11
2020-04-18T19:59:00Z,46,34,12,42,32,10
2020-04-18T20:59:00Z,46,34,12,42,32,10
2020-04-18T21:59:00Z,46,34,12,42,32,10
2020-04-18T22:59:00Z,46,34,12,42,32,10
2020-04-18T23:59:00Z,46,34,12,42,32,10
2020-04-19T00:59:00Z,46,34,12,36,28,8
2020-04-19T01:59:00Z,48,36,12,38,30,8
2020-04-19T02:59:00Z,48,36,12,38,30,8
2020-04-19T03:59:00Z,48,36,12,38,30,8
2020-04-19T04:59:00Z,48,36,12,38,30,8
2020-04-19T05:59:00Z,48,36,12,38,30,8
2020-04-19T06:59:00Z,49,36,13,39,30,9
2020-04-19T07:59:00Z,49,36,13,39,30,9
2020-04-19T08:59:00Z,49,36,13,39,30,9
2020-04-19T09:59:00Z,49,36,13,39,30,9
2020-04-19T10:59:00Z,49,36,13,39,30,9
2020-04-19T11:59:00Z,49,36,13,39,30,9
2020-04-19T12:59:00Z,49,37,12,40,31,9
2020-04-19T13:59:00Z,48,36,12,39,30,9
2020-04-19T14:59:00Z,48,36,12,39,30,9
2020-04-19T15:59:00Z,48,36,12,39,30,9
2020-04-19T16:59:00Z,48,36,12,39,30,9
2020-04-19T17:59:00Z,48,36,12,39,30,9
2020-04-19T18:59:00Z,48,36,12,39,30,9
2020-04-19T19:59:00Z,47,35,12,39,30,9
2020-04-19T20:59:00Z,47,35,12,39,30,9
2020-04-19T21:59:00Z,46,34,12,39,30,9
2020-04-19T22:59:00Z,46,34,12,39,30,9
2020-04-19T23:59:00Z,46,34,12,39,30,9
2020-04-20T00:59:00Z,46,34,12,38,29,9
2020-04-20T01:59:00Z,47,35,12,39,30,9
2020-04-20T02:59:00Z,48,36,12,40,31,9
2020-04-20T03:59:00Z,48,36,12,40,31,9
2020-04-20T04:59:00Z,48,36,12,40,31,9
2020-04-20T05:59:00Z,49,36,13,41,31,10
2020-04-20T06:59:00Z,49,36,13,41,31,10
2020-04-20T07:59:00Z,49,36,13,41,31,10
2020-04-20T08:59:00Z,49,36,13,41,31,10
2020-04-20T09:59:00Z,49,36,13,41,31,10
2020-04-20T10:59:00Z,49,36,13,41,31,10
2020-04-20T11:59:00Z,49,36,13,41,31,10
2020-04-20T12:59:00Z,49,36,13,41,31,10
2020-04-20T13:59:00Z,49,36,13,41,31,10
2020-04-20T14:59:00Z,49,36,13,41,31,10
2020-04-20T15:59:00Z,49,36,13,41,31,10
2020-04-20T16:59:00Z,49,36,13,41,31,10
2020-04-20T17:59:00Z,48,35,13,41,31,10
2020-04-20T18:59:00Z,48,35,13,41,31,10
2020-04-20T19:59:00Z,48,35,13,41,31,10
2020-04-20T20:59:00Z,48,35,13,41,31,10
2020-04-20T21:59:00Z,48,35,13,41,31,10
2020-04-20T22:59:00Z,48,35,13,41,31,10
2020-04-20T23:59:00Z,48,35,13,41,31,10
2020-04-21T00:59:00Z,48,35,13,41,31,10
2020-04-21T01:59:00Z,48,35,13,41,31,10
2020-04-21T02:59:00Z,48,35,13,41,31,10
2020-04-21T03:59:00Z,47,35,12,40,31,9
2020-04-21T04:59:00Z,47,35,12,40,31,9
2020-04-21T05:59:00Z,47,35,12,40,31,9
2020-04-21T06:59:00Z,47,35,12,40,31,9
2020-04-21T07:59:00Z,47,35,12,40,31,9
2020-04-21T08:59:00Z,47,35,12,40,31,9
2020-04-21T09:59:00Z,47,35,12,40,31,9
2020-04-21T10:59:00Z,47,35,12,40,31,9
2020-04-21T11:59:00Z,47,35,12,40,31,9
2020-04-21T12:59:00Z,47,35,12,40,31,9
2020-04-21T13:59:00Z,47,35,12,40,31,9
2020-04-21T14:59:00Z,47,35,12,41,31,10
2020-04-21T15:59:00Z,47,35,12,41,31,10
2020-04-21T16:59:00Z,47,35,12,41,31,10
2020-04-21T17:59:00Z,47,35,12,41,31,10
2020-04-21T18:59:00Z,46,36,10,42,32,10
2020-04-21T19:59:00Z,45,35,10,41,31,10
2020-04-21T20:59:00Z,45,35,10,41,31,10
2020-04-21T21:59:00Z,45,35,10,41,31,10
2020-04-21T22:59:00Z,45,35,10,41,31,10
2020-04-21T23:59:00Z,45,35,10,41,31,10
2020-04-22T00:59:00Z,44,34,10,38,29,9
2020-04-22T01:59:00Z,44,34,10,38,29,9
2020-04-22T02:59:00Z,44,34,10,38,29,9
2020-04-22T03:59:00Z,44,34,10,38,29,9
2020-04-22T04:59:00Z,44,34,10,38,29,9
2020-04-22T05:59:00Z,44,34,10,38,29,9
2020-04-22T06:59:00Z,44,34,10,38,29,9
2020-04-22T07:59:00Z,44,34,10,38,29,9
2020-04-22T08:59:00Z,44,34,10,38,29,9
2020-04-22T09:59:00Z,44,34,10,38,29,9
2020-04-22T10:59:00Z,44,34,10,38,29,9
2020-04-22T11:59:00Z,44,34,10,38,29,9
2020-04-22T12:59:00Z,44,34,10,38,29,9
2020-04-22T13:59:00Z,44,34,10,38,29,9
2020-04-22T14:59:00Z,45,35,10,40,30,10
2020-04-22T15:59:00Z,45,35,10,40,30,10
2020-04-22T16:59:00Z,45,35,10,40,30,10
2020-04-22T17:59:00Z,45,35,10,40,30,10
2020-04-22T18:59:00Z,45,35,10,40,30,10
2020-04-22T19:59:00Z,43,33,10,39,29,10
2020-04-22T20:59:00Z,43,33,10,39,29,10
2020-04-22T21:59:00Z,42,32,10,39,29,10
2020-04-22T22:59:00Z,42,32,10,39,29,10
2020-04-22T23:59:00Z,42,32,10,39,29,10
2020-04-23T00:59:00Z,43,32,11,37,26,11
2020-04-23T01:59:00Z,43,32,11,37,26,11
2020-04-23T02:59:00Z,43,32,11,37,26,11
2020-04-23T03:59:00Z,43,32,11,37,26,11
2020-04-23T04:59:00Z,43,32,11,37,26,11
2020-04-23T05:59:00Z,44,33,11,38,27,11
2020-04-23T06:59:00Z,45,34,11,39,28,11
2020-04-23T07:59:00Z,45,34,11,39,28,11
2020-04-23T08:59:00Z,45,34,11,39,28,11
2020-04-23T09:59:00Z,45,34,11,39,28,11
2020-04-23T10:59:00Z,45,34,11,39,28,11
2020-04-23T11:59:00Z,45,34,11,39,28,11
2020-04-23T12:59:00Z,44,33,11,38,27,11
2020-04-23T13:59:00Z,44,33,11,38,27,11
2020-04-23T14:59:00Z,44,33,11,38,27,11
2020-04-23T15:59:00Z,43,32,11,38,27,11
2020-04-23T16:59:00Z,42,31,11,38,27,11
2020-04-23T17:59:00Z,42,31,11,38,27,11
2020-04-23T18:59:00Z,42,31,11,38,27,11
2020-04-23T19:59:00Z,42,31,11,38,27,11
2020-04-23T20:59:00Z,42,31,11,38,27,11
2020-04-23T21:59:00Z,42,31,11,38,27,11
2020-04-23T22:59:00Z,42,31,11,38,27,11
2020-04-23T23:59:00Z,42,31,11,38,27,11
2020-04-24T00:59:00Z,42,31,11,37,27,10
2020-04-24T01:59:00Z,42,31,11,37,27,10
2020-04-24T02:59:00Z,42,31,11,37,27,10
2020-04-24T03:59:00Z,42,31,11,37,27,10
2020-04-24T04:59:00Z,42,31,11,37,27,10
2020-04-24T05:59:00Z,42,31,11,37,27,10
2020-04-24T06:59:00Z,42,31,11,37,27,10
2020-04-24T07:59:00Z,42,31,11,37,27,10
2020-04-24T08:59:00Z,42,31,11,37,27,10
2020-04-24T09:59:00Z,42,31,11,37,27,10
2020-04-24T10:59:00Z,42,31,11,37,27,10
2020-04-24T11:59:00Z,42,31,11,37,27,10
2020-04-24T12:59:00Z,42,31,11,37,27,10
2020-04-24T13:59:00Z,42,31,11,37,27,10
2020-04-24T14:59:00Z,41,30,11,36,26,10
2020-04-24T15:59:00Z,41,30,11,36,26,10
2020-04-24T16:59:00Z,41,30,11,36,26,10
2020-04-24T17:59:00Z,40,30,10,35,26,9
2020-04-24T18:59:00Z,40,30,10,35,26,9
2020-04-24T19:59:00Z,39,29,10,34,25,9
2020-04-24T20:59:00Z,39,29,10,34,25,9
2020-04-24T21:59:00Z,39,29,10,34,25,9
2020-04-24T22:59:00Z,39,29,10,34,25,9
2020-04-24T23:59:00Z,39,29,10,34,25,9
2020-04-25T00:59:00Z,39,29,10,33,24,9
2020-04-25T01:59:00Z,39,29,10,33,24,9
2020-04-25T02:59:00Z,38,28,10,32,23,9
2020-04-25T03:59:00Z,39,29,10,33,24,9
2020-04-25T04:59:00Z,39,29,10,33,24,9
2020-04-25T05:59:00Z,39,29,10,33,24,9
2020-04-25T06:59:00Z,39,29,10,33,24,9
2020-04-25T07:59:00Z,40,30,10,34,25,9
2020-04-25T08:59:00Z,40,30,10,34,25,9
2020-04-25T09:59:00Z,40,30,10,34,25,9
2020-04-25T10:59:00Z,40,30,10,34,25,9
2020-04-25T11:59:00Z,41,31,10,35,26,9
2020-04-25T12:59:00Z,40,30,10,34,25,9
2020-04-25T13:59:00Z,40,30,10,34,25,9
2020-04-25T14:59:00Z,40,30,10,34,25,9
2020-04-25T15:59:00Z,40,30,10,34,25,9
2020-04-25T16:59:00Z,40,30,10,34,25,9
2020-04-25T17:59:00Z,39,30,9,34,25,9
2020-04-25T18:59:00Z,37,28,9,33,24,9
2020-04-25T19:59:00Z,36,27,9,32,23,9
2020-04-25T20:59:00Z,36,27,9,32,23,9
2020-04-25T21:59:00Z,36,27,9,32,23,9
2020-04-25T22:59:00Z,36,27,9,32,23,9
2020-04-25T23:59:00Z,36,27,9,32,23,9
2020-04-26T00:59:00Z,36,27,9,31,22,9
2020-04-26T01:59:00Z,36,27,9,31,22,9
2020-04-26T02:59:00Z,36,27,9,31,22,9
2020-04-26T03:59:00Z,36,27,9,31,22,9
2020-04-26T04:59:00Z,36,27,9,31,22,9
2020-04-26T05:59:00Z,36,27,9,31,22,9
2020-04-26T06:59:00Z,36,27,9,31,22,9
2020-04-26T07:59:00Z,35,26,9,31,22,9
2020-04-26T08:59:00Z,35,26,9,31,22,9
2020-04-26T09:59:00Z,35,26,9,31,22,9
2020-04-26T10:59:00Z,34,25,9,31,22,9
2020-04-26T11:59:00Z,34,25,9,31,22,9
2020-04-26T12:59:00Z,35,25,10,32,22,10
2020-04-26T13:59:00Z,35,25,10,32,22,10
2020-04-26T14:59:00Z,34,24,10,31,21,10
2020-04-26T15:59:00Z,34,24,10,31,21,10
2020-04-26T16:59:00Z,33,24,9,30,21,9
2020-04-26T17:59:00Z,32,23,9,29,20,9
2020-04-26T18:59:00Z,32,23,9,29,20,9
2020-04-26T19:59:00Z,31,22,9,28,19,9
2020-04-26T20:59:00Z,31,22,9,28,19,9
2020-04-26T21:59:00Z,31,22,9,28,19,9
2020-04-26T22:59:00Z,31,22,9,28,19,9
2020-04-26T23:59:00Z,31,22,9,28,19,9
2020-04-27T00:59:00Z,32,23,9,27,19,8
2020-04-27T01:59:00Z,32,23,9,27,19,8
2020-04-27T02:59:00Z,32,23,9,27,19,8
2020-04-27T03:59:00Z,32,23,9,27,19,8
2020-04-27T04:59:00Z,32,23,9,27,19,8
2020-04-27T05:59:00Z,32,23,9,27,19,8
2020-04-27T06:59:00Z,32,23,9,27,19,8
2020-04-27T07:59:00Z,32,23,9,27,19,8
2020-04-27T08:59:00Z,32,23,9,27,19,8
2020-04-27T09:59:00Z,32,23,9,27,19,8
2020-04-27T10:59:00Z,32,23,9,27,19,8
2020-04-27T11:59:00Z,32,23,9,27,19,8
2020-04-27T12:59:00Z,32,23,9,27,19,8
2020-04-27T13:59:00Z,32,23,9,27,19,8
2020-04-27T14:59:00Z,32,23,9,27,19,8
2020-04-27T15:59:00Z,32,23,9,27,19,8
2020-04-27T16:59:00Z,32,23,9,27,19,8
2020-04-27T17:59:00Z,32,23,9,27,19,8
2020-04-27T18:59:00Z,33,24,9,28,20,8
2020-04-27T19:59:00Z,34,24,10,29,20,9
2020-04-27T20:59:00Z,34,24,10,29,20,9
2020-04-27T21:59:00Z,34,24,10,29,20,9
2020-04-27T22:59:00Z,34,24,10,29,20,9
2020-04-27T23:59:00Z,34,24,10,29,20,9
2020-04-28T00:59:00Z,27,19,8,23,16,7
2020-04-28T01:59:00Z,27,19,8,23,16,7
2020-04-28T02:59:00Z,27,19,8,23,16,7
2020-04-28T03:59:00Z,27,19,8,23,16,7
2020-04-28T04:59:00Z,27,19,8,23,16,7
2020-04-28T05:59:00Z,27,19,8,23,16,7
2020-04-28T06:59:00Z,27,19,8,23,16,7
2020-04-28T07:59:00Z,27,19,8,23,16,7
2020-04-28T08:59:00Z,27,19,8,23,16,7
2020-04-28T09:59:00Z,27,19,8,23,16,7
2020-04-28T10:59:00Z,27,19,8,23,16,7
2020-04-28T11:59:00Z,27,19,8,23,16,7
2020-04-28T12:59:00Z,27,19,8,23,16,7
2020-04-28T13:59:00Z,27,19,8,23,16,7
2020-04-28T14:59:00Z,27,19,8,23,16,7
2020-04-28T15:59:00Z,27,19,8,23,16,7
2020-04-28T16:59:00Z,26,18,8,22,15,7
2020-04-28T17:59:00Z,25,18,7,22,15,7
2020-04-28T18:59:00Z,25,18,7,22,15,7
2020-04-28T19:59:00Z,25,18,7,22,15,7
2020-04-28T20:59:00Z,25,18,7,22,15,7
2020-04-28T21:59:00Z,25,18,7,22,15,7
2020-04-28T22:59:00Z,24,17,7,22,15,7
2020-04-28T23:59:00Z,24,17,7,22,15,7
